TABLE_SCHEMA,TABLE_NAME,COLUMN_NAME,ORDINAL_POSITION,DATA_TYPE,CHARACTER_MAXIMUM_LENGTH,NUMERIC_PRECISION,NUMERIC_SCALE,IS_NULLABLE,COLUMN_DEFAULT,COMMENT
PUBLIC,ACCOUNT_CREDITS,INSTANCE_NAME,1,TEXT,16777216,,,YES,,
PUBLIC,ACCOUNT_CREDITS,ACCOUNT_ID,2,NUMBER,,38,0,YES,,
PUBLIC,ACCOUNT_CREDITS,ACCOUNT_NUMBER,3,NUMBER,,38,0,YES,,
PUBLIC,ACCOUNT_CREDITS,CREDIT_BALANCE,4,NUMBER,,38,4,YES,,
PUBLIC,ACCOUNT_CREDITS,BALANCE_DATE,5,TIMESTAMP_NTZ,,,,YES,,
PUBLIC,ACCOUNT_NOTES,INSTANCE_NAME,1,TEXT,16777216,,,YES,,
PUBLIC,ACCOUNT_NOTES,ACCOUNT_ID,2,NUMBER,,38,0,YES,,
PUBLIC,ACCOUNT_NOTES,ACCOUNT_NUMBER,3,NUMBER,,38,0,YES,,
PUBLIC,ACCOUNT_NOTES,NOTE_CATEGORY,4,TEXT,16777216,,,YES,,
PUBLIC,ACCOUNT_NOTES,NOTE_CREATED,5,TIMESTAMP_NTZ,,,,YES,,
PUBLIC,ACCOUNT_NOTES,NOTE,6,TEXT,16777216,,,YES,,
PUBLIC,ACCOUNT_NOTES,CREATED_BY,7,TEXT,16777216,,,YES,,
PUBLIC,ACCOUNT_OTHER_CHARGES_CREDITS,INSTANCE_NAME,1,TEXT,16777216,,,YES,,
PUBLIC,ACCOUNT_OTHER_CHARGES_CREDITS,ACCOUNT_ID,2,NUMBER,,38,0,YES,,
PUBLIC,ACCOUNT_OTHER_CHARGES_CREDITS,ACCOUNT_NUMBER,3,NUMBER,,38,0,YES,,
PUBLIC,ACCOUNT_OTHER_CHARGES_CREDITS,OCC_DATETIME,4,TIMESTAMP_NTZ,,,,YES,,
PUBLIC,ACCOUNT_OTHER_CHARGES_CREDITS,OCC_STATUS,5,TEXT,16777216,,,YES,,
PUBLIC,ACCOUNT_OTHER_CHARGES_CREDITS,OCC_AMOUNT,6,NUMBER,,38,2,YES,,
PUBLIC,ACCOUNT_OTHER_CHARGES_CREDITS,ITEM_TYPE,7,TEXT,16777216,,,YES,,
PUBLIC,ACCOUNT_OTHER_CHARGES_CREDITS,ITEM_NAME,8,TEXT,16777216,,,YES,,
PUBLIC,ACCOUNT_OTHER_CHARGES_CREDITS,ITEM_DESCRIPTION,9,TEXT,16777216,,,YES,,
PUBLIC,ACCOUNT_OTHER_CHARGES_CREDITS,OCC_USER,10,TEXT,16777216,,,YES,,
PUBLIC,ACCOUNT_OTHER_CHARGES_CREDITS,OCC_LOCATION,11,TEXT,16777216,,,YES,,
PUBLIC,ACCOUNT_OTHER_CHARGES_CREDITS,NOTES,12,TEXT,16777216,,,YES,,
PUBLIC,ACCOUNT_RECURRING_CREDITS,INSTANCE_NAME,1,TEXT,16777216,,,YES,,
PUBLIC,ACCOUNT_RECURRING_CREDITS,ACCOUNT_ID,2,NUMBER,,38,0,YES,,
PUBLIC,ACCOUNT_RECURRING_CREDITS,ACCOUNT_NUMBER,3,NUMBER,,38,0,YES,,
PUBLIC,ACCOUNT_RECURRING_CREDITS,ACCOUNT_RECURRING_STATUS,4,TEXT,16777216,,,YES,,
PUBLIC,ACCOUNT_RECURRING_CREDITS,CREATED_BY,5,TEXT,16777216,,,YES,,
PUBLIC,ACCOUNT_RECURRING_CREDITS,CREATED_DATETIME,6,TIMESTAMP_NTZ,,,,YES,,
PUBLIC,ACCOUNT_RECURRING_CREDITS,MODIFIED_BY,7,TEXT,16777216,,,YES,,
PUBLIC,ACCOUNT_RECURRING_CREDITS,MODIFIED_DATETIME,8,TIMESTAMP_NTZ,,,,YES,,
PUBLIC,ACCOUNT_RECURRING_CREDITS,ACCOUNT_RECURRING_VALID_FROM,9,DATE,,,,YES,,
PUBLIC,ACCOUNT_RECURRING_CREDITS,ACCOUNT_RECURRING_VALID_TO,10,DATE,,,,YES,,
PUBLIC,ACCOUNT_RECURRING_CREDITS,RECURRING_CREDIT_NAME,11,TEXT,16777216,,,YES,,
PUBLIC,ACCOUNT_RECURRING_CREDITS,RECURRING_CREDIT_DESCRIPTION,12,TEXT,16777216,,,YES,,
PUBLIC,ACCOUNT_RECURRING_CREDITS,RECURRING_ITEM_NAME,13,TEXT,16777216,,,YES,,
PUBLIC,ACCOUNT_RECURRING_CREDITS,RECURRING_ITEM_DESCRIPTION,14,TEXT,16777216,,,YES,,
PUBLIC,ACCOUNT_RECURRING_CREDITS,RECURRING_CREDIT_AMOUNT,15,NUMBER,,38,8,YES,,
PUBLIC,ACCOUNT_RECURRING_CREDITS,EXCEED_AMT_DUE,16,BOOLEAN,,,,YES,,
PUBLIC,ACCOUNT_RECURRING_CREDITS,RECURRING_CREDIT_VALID_DAYS,17,NUMBER,,38,0,YES,,
PUBLIC,ACCOUNT_RECURRING_CREDITS,RECURRING_CREDIT_VALID_MONTHS,18,NUMBER,,38,0,YES,,
PUBLIC,ACCOUNT_RECURRING_CREDITS,RECURRING_CREDIT_START_DATETIME,19,TIMESTAMP_NTZ,,,,YES,,
PUBLIC,ACCOUNT_RECURRING_CREDITS,RECURRING_CREDIT_END_DATETIME,20,TEXT,16777216,,,YES,,
PUBLIC,APPOINTMENTS,INSTANCE_NAME,1,TEXT,16777216,,,YES,,
PUBLIC,APPOINTMENTS,ACCOUNT_ID,2,NUMBER,,38,0,YES,,
PUBLIC,APPOINTMENTS,ACCOUNT_NUMBER,3,NUMBER,,38,0,YES,,
PUBLIC,APPOINTMENTS,SERVICE_MODEL,4,TEXT,16777216,,,YES,,
PUBLIC,APPOINTMENTS,SERVICELINE_NUMBER,5,NUMBER,,38,0,YES,,
PUBLIC,APPOINTMENTS,APPOINTMENT_ID,6,NUMBER,,38,0,YES,,
PUBLIC,APPOINTMENTS,APPOINTMENT_TYPE,7,TEXT,16777216,,,YES,,
PUBLIC,APPOINTMENTS,APPOINTMENT_TYPE_DESCRIPTION,8,TEXT,16777216,,,YES,,
PUBLIC,APPOINTMENTS,APPOINTMENT_DATE,9,DATE,,,,YES,,
PUBLIC,APPOINTMENTS,APPOINTMENT_FROM_TIME,10,TIME,,,,YES,,
PUBLIC,APPOINTMENTS,APPOINTMENT_TO_TIME,11,TIME,,,,YES,,
PUBLIC,APPOINTMENTS,CREATED_BY,12,TEXT,16777216,,,YES,,
PUBLIC,APPOINTMENTS,CREATED_DATETIME,13,TIMESTAMP_NTZ,,,,YES,,
PUBLIC,APPOINTMENTS,MODIFIED_BY,14,TEXT,16777216,,,YES,,
PUBLIC,APPOINTMENTS,MODIFIED_DATETIME,15,TIMESTAMP_NTZ,,,,YES,,
PUBLIC,APPOINTMENTS,OVERBOOK,16,BOOLEAN,,,,YES,,
PUBLIC,APPOINTMENTS,TROUBLE_TICKET_ID,17,TEXT,16777216,,,YES,,
PUBLIC,APPOINTMENTS,ORDER_ID,18,NUMBER,,38,0,YES,,
PUBLIC,CUSTOMERS,INSTANCE_NAME,1,TEXT,16777216,,,YES,,
PUBLIC,CUSTOMERS,ACCOUNT_ID,2,NUMBER,,38,0,YES,,
PUBLIC,CUSTOMERS,ACCOUNT_NUMBER,3,NUMBER,,38,0,YES,,
PUBLIC,CUSTOMERS,CONTACT_ID,4,NUMBER,,38,1,YES,,
PUBLIC,CUSTOMERS,FIRSTNAME,5,TEXT,16777216,,,YES,,
PUBLIC,CUSTOMERS,LASTNAME,6,TEXT,16777216,,,YES,,
PUBLIC,CUSTOMERS,COMPANY,7,TEXT,16777216,,,YES,,
PUBLIC,CUSTOMERS,BILLING_ADDRESS1,8,TEXT,16777216,,,YES,,
PUBLIC,CUSTOMERS,BILLING_ADDRESS2,9,TEXT,16777216,,,YES,,
PUBLIC,CUSTOMERS,BILLING_ADDRESS3,10,TEXT,16777216,,,YES,,
PUBLIC,CUSTOMERS,BILLING_CITY,11,TEXT,16777216,,,YES,,
PUBLIC,CUSTOMERS,BILLING_ZIPCODE,12,TEXT,16777216,,,YES,,
PUBLIC,CUSTOMERS,BILLING_ZIPCODE4,13,NUMBER,,38,0,YES,,
PUBLIC,CUSTOMERS,BILLING_ADDRESS_VERIFIED,14,BOOLEAN,,,,YES,,
PUBLIC,CUSTOMERS,PERSONAL_EMAIL,15,TEXT,16777216,,,YES,,
PUBLIC,CUSTOMERS,PERSONAL_EMAIL_VERIFIED,16,BOOLEAN,,,,YES,,
PUBLIC,CUSTOMERS,BUSINESS_EMAIL,17,TEXT,16777216,,,YES,,
PUBLIC,CUSTOMERS,BUSINESS_EMAIL_VERIFIED,18,BOOLEAN,,,,YES,,
PUBLIC,CUSTOMERS,DISTRIBUTION_EMAIL,19,TEXT,16777216,,,YES,,
PUBLIC,CUSTOMERS,DISTRIBUTION_EMAIL_VERIFIED,20,BOOLEAN,,,,YES,,
PUBLIC,CUSTOMERS,MOBILE_NUMBER,21,NUMBER,,38,0,YES,,
PUBLIC,CUSTOMERS,MOBILE_NUMBER_VERIFIED,22,BOOLEAN,,,,YES,,
PUBLIC,CUSTOMERS,HOME_NUMBER,23,NUMBER,,38,0,YES,,
PUBLIC,CUSTOMERS,HOME_NUMBER_VERIFIED,24,BOOLEAN,,,,YES,,
PUBLIC,CUSTOMERS,BUSINESS_NUMBER,25,NUMBER,,38,0,YES,,
PUBLIC,CUSTOMERS,BUSINESS_NUMBER_VERIFIED,26,BOOLEAN,,,,YES,,
PUBLIC,CUSTOMERS,WORK_NUMBER,27,NUMBER,,38,0,YES,,
PUBLIC,CUSTOMERS,WORK_NUMBER_VERIFIED,28,BOOLEAN,,,,YES,,
PUBLIC,CUSTOMERS,FAX_NUMBER,29,TEXT,16777216,,,YES,,
PUBLIC,CUSTOMERS,FAX_NUMBER_VERIFIED,30,BOOLEAN,,,,YES,,
PUBLIC,CUSTOMERS,PORTAL_ACCESS,31,TEXT,16777216,,,YES,,
PUBLIC,CUSTOMER_ACCOUNTS,INSTANCE_NAME,1,TEXT,16777216,,,YES,,
PUBLIC,CUSTOMER_ACCOUNTS,ACCOUNT_ID,2,NUMBER,,38,0,YES,,
PUBLIC,CUSTOMER_ACCOUNTS,ACCOUNT_NUMBER,3,NUMBER,,38,0,YES,,
PUBLIC,CUSTOMER_ACCOUNTS,ACCOUNT_STATUS,4,TEXT,16777216,,,YES,,
PUBLIC,CUSTOMER_ACCOUNTS,ACCOUNT_CREATED,5,TIMESTAMP_NTZ,,,,YES,,
PUBLIC,CUSTOMER_ACCOUNTS,ACCOUNT_CREATED_BY,6,TEXT,16777216,,,YES,,
PUBLIC,CUSTOMER_ACCOUNTS,ACCOUNT_TYPE,7,TEXT,16777216,,,YES,,
PUBLIC,CUSTOMER_ACCOUNTS,ACCOUNT_TERMS,8,TEXT,16777216,,,YES,,
PUBLIC,CUSTOMER_ACCOUNTS,RISK_LEVEL,9,TEXT,16777216,,,YES,,
PUBLIC,CUSTOMER_ACCOUNTS,REVENUE_LOCATION,10,TEXT,16777216,,,YES,,
PUBLIC,CUSTOMER_ACCOUNTS,BILLCYCLE,11,NUMBER,,38,0,YES,,
PUBLIC,CUSTOMER_ACCOUNTS,AUTOPAY_FLAG,12,BOOLEAN,,,,YES,,
PUBLIC,CUSTOMER_ACCOUNTS,DISTRIBUTION_NAME,13,TEXT,16777216,,,YES,,
PUBLIC,CUSTOMER_ACCOUNTS,DISTRIBUTION_METHOD,14,TEXT,16777216,,,YES,,
PUBLIC,CUSTOMER_ACCOUNTS,PARTNER,15,TEXT,16777216,,,YES,,
PUBLIC,CUSTOMER_ACCOUNTS,ALERT,16,TEXT,16777216,,,YES,,
PUBLIC,CUSTOMER_ACCOUNTS,ALERT_EXPIRATION_DATETIME,17,DATE,,,,YES,,
PUBLIC,CUSTOMER_ACCOUNTS,ACCOUNT_MANAGER,18,TEXT,16777216,,,YES,,
PUBLIC,INVOICES,INSTANCE_NAME,1,TEXT,16777216,,,YES,,
PUBLIC,INVOICES,ACCOUNT_ID,2,NUMBER,,38,0,YES,,
PUBLIC,INVOICES,ACCOUNT_NUMBER,3,NUMBER,,38,0,YES,,
PUBLIC,INVOICES,INVOICE_ID,4,NUMBER,,38,0,YES,,
PUBLIC,INVOICES,INVOICE_NUMBER,5,NUMBER,,38,0,YES,,
PUBLIC,INVOICES,INVOICE_TYPE,6,TEXT,16777216,,,YES,,
PUBLIC,INVOICES,INVOICE_LOCATION,7,TEXT,16777216,,,YES,,
PUBLIC,INVOICES,INVOICE_DATETIME,8,TIMESTAMP_NTZ,,,,YES,,
PUBLIC,INVOICES,DUEDATE,9,DATE,,,,YES,,
PUBLIC,INVOICES,SUBTOTAL,10,NUMBER,,38,4,YES,,
PUBLIC,INVOICES,TOTAL_TAX_AMOUNT,11,NUMBER,,38,0,YES,,
PUBLIC,INVOICES,INVOICE_TOTAL,12,NUMBER,,38,4,YES,,
PUBLIC,INVOICES,CREATED_BY,13,TEXT,16777216,,,YES,,
PUBLIC,INVOICES,CREATED_DATETIME,14,TIMESTAMP_NTZ,,,,YES,,
PUBLIC,INVOICES,BILLING_JOB_ID,15,NUMBER,,38,1,YES,,
PUBLIC,INVOICES,NOTES,16,TEXT,16777216,,,YES,,
PUBLIC,INVOICE_ITEMS,INSTANCE_NAME,1,TEXT,16777216,,,YES,,
PUBLIC,INVOICE_ITEMS,ACCOUNT_ID,2,NUMBER,,38,0,YES,,
PUBLIC,INVOICE_ITEMS,ACCOUNT_NUMBER,3,NUMBER,,38,0,YES,,
PUBLIC,INVOICE_ITEMS,INVOICE_ID,4,NUMBER,,38,0,YES,,
PUBLIC,INVOICE_ITEMS,INVOICE_NUMBER,5,NUMBER,,38,0,YES,,
PUBLIC,INVOICE_ITEMS,INVOICE_TYPE,6,TEXT,16777216,,,YES,,
PUBLIC,INVOICE_ITEMS,INVOICE_LOCATION,7,TEXT,16777216,,,YES,,
PUBLIC,INVOICE_ITEMS,INVOICE_DATETIME,8,TIMESTAMP_NTZ,,,,YES,,
PUBLIC,INVOICE_ITEMS,INVOICE_ITEM_ID,9,NUMBER,,38,0,YES,,
PUBLIC,INVOICE_ITEMS,INVOICE_ITEM_NAME,10,TEXT,16777216,,,YES,,
PUBLIC,INVOICE_ITEMS,INVOICE_ITEM_DESCRIPTION,11,TEXT,16777216,,,YES,,
PUBLIC,INVOICE_ITEMS,INVOICE_ITEM_AMOUNT,12,NUMBER,,38,4,YES,,
PUBLIC,INVOICE_ITEMS,QTY,13,NUMBER,,38,0,YES,,
PUBLIC,INVOICE_ITEMS,START_DATETIME,14,TIMESTAMP_NTZ,,,,YES,,
PUBLIC,INVOICE_ITEMS,END_DATETIME,15,TIMESTAMP_NTZ,,,,YES,,
PUBLIC,INVOICE_ITEM_TAXES,INSTANCE_NAME,1,TEXT,16777216,,,YES,,
PUBLIC,INVOICE_ITEM_TAXES,ACCOUNT_ID,2,NUMBER,,38,0,YES,,
PUBLIC,INVOICE_ITEM_TAXES,ACCOUNT_NUMBER,3,NUMBER,,38,0,YES,,
PUBLIC,INVOICE_ITEM_TAXES,INVOICE_ID,4,NUMBER,,38,0,YES,,
PUBLIC,INVOICE_ITEM_TAXES,INVOICE_NUMBER,5,NUMBER,,38,0,YES,,
PUBLIC,INVOICE_ITEM_TAXES,INVOICE_TYPE,6,TEXT,16777216,,,YES,,
PUBLIC,INVOICE_ITEM_TAXES,INVOICE_LOCATION,7,TEXT,16777216,,,YES,,
PUBLIC,INVOICE_ITEM_TAXES,INVOICE_DATETIME,8,TIMESTAMP_NTZ,,,,YES,,
PUBLIC,INVOICE_ITEM_TAXES,INVOICE_ITEM_ID,9,NUMBER,,38,0,YES,,
PUBLIC,INVOICE_ITEM_TAXES,INVOICE_ITEM_NAME,10,TEXT,16777216,,,YES,,
PUBLIC,INVOICE_ITEM_TAXES,INVOICE_ITEM_DESCRIPTION,11,TEXT,16777216,,,YES,,
PUBLIC,INVOICE_ITEM_TAXES,INVOICE_TAX_AMOUNT,12,NUMBER,,38,4,YES,,
PUBLIC,INVOICE_ITEM_TAXES,TAX_CODE,13,TEXT,16777216,,,YES,,
PUBLIC,INVOICE_ITEM_TAXES,TAX_CODE_DESCRIPTION,14,TEXT,16777216,,,YES,,
PUBLIC,INVOICE_ITEM_TAXES,TAX_RATE,15,TEXT,16777216,,,YES,,
PUBLIC,INVOICE_ITEM_TAXES,TAX_RATE_DESCRIPTION,16,TEXT,16777216,,,YES,,
PUBLIC,INVOICE_ITEM_TAXES,TAX_LOCATION,17,TEXT,16777216,,,YES,,
PUBLIC,INVOICE_ITEM_TAXES,TAX_LOCATION_DESCRIPTION,18,TEXT,16777216,,,YES,,
PUBLIC,PAYMENTS,INSTANCE_NAME,1,TEXT,16777216,,,YES,,
PUBLIC,PAYMENTS,ACCOUNT_ID,2,NUMBER,,38,0,YES,,
PUBLIC,PAYMENTS,ACCOUNT_NUMBER,3,NUMBER,,38,0,YES,,
PUBLIC,PAYMENTS,PAYMENT_ID,4,NUMBER,,38,0,YES,,
PUBLIC,PAYMENTS,PAYMENT_TYPE,5,TEXT,16777216,,,YES,,
PUBLIC,PAYMENTS,PAYMENT_LOCATION,6,TEXT,16777216,,,YES,,
PUBLIC,PAYMENTS,PAYMENT_DATETIME,7,TIMESTAMP_NTZ,,,,YES,,
PUBLIC,PAYMENTS,AMOUNT_APPLIED,8,NUMBER,,38,4,YES,,
PUBLIC,PAYMENTS,CREATED_BY,9,TEXT,16777216,,,YES,,
PUBLIC,PAYMENTS,ORGINAL_PAYMENT_ID,10,NUMBER,,38,0,YES,,
PUBLIC,PAYMENTS,REVERSAL_REASON,11,TEXT,16777216,,,YES,,
PUBLIC,PAYMENTS,REFERENCE,12,NUMBER,,38,0,YES,,
PUBLIC,PAYMENTS,REFERENCE_ID,13,TEXT,16777216,,,YES,,
PUBLIC,PAYMENTS,AUTH_CODE,14,TEXT,16777216,,,YES,,
PUBLIC,SERIALIZED_INVENTORY,INSTANCE_NAME,1,TEXT,16777216,,,YES,,
PUBLIC,SERIALIZED_INVENTORY,SERIALIZED_ITEM_ID,2,NUMBER,,38,0,YES,,
PUBLIC,SERIALIZED_INVENTORY,ITEM,3,TEXT,16777216,,,YES,,
PUBLIC,SERIALIZED_INVENTORY,ITEM_DESCRIPTION,4,TEXT,16777216,,,YES,,
PUBLIC,SERIALIZED_INVENTORY,INVENTORY_DATETIME,5,TIMESTAMP_NTZ,,,,YES,,
PUBLIC,SERIALIZED_INVENTORY,INVENTORY_STATUS,6,TEXT,16777216,,,YES,,
PUBLIC,SERIALIZED_INVENTORY,INVENTORY_LOCATION,7,TEXT,16777216,,,YES,,
PUBLIC,SERIALIZED_INVENTORY,SERIALIZED_ITEM_NUMS,8,TEXT,16777216,,,YES,,
PUBLIC,SERVICELINES,INSTANCE_NAME,1,TEXT,16777216,,,YES,,
PUBLIC,SERVICELINES,ACCOUNT_ID,2,NUMBER,,38,0,YES,,
PUBLIC,SERVICELINES,ACCOUNT_NUMBER,3,NUMBER,,38,0,YES,,
PUBLIC,SERVICELINES,SERVICE_MODEL,4,TEXT,16777216,,,YES,,
PUBLIC,SERVICELINES,SERVICELINE_NUMBER,5,TEXT,16777216,,,YES,,
PUBLIC,SERVICELINES,SERVICELINE_STATUS,6,TEXT,16777216,,,YES,,
PUBLIC,SERVICELINES,SERVICELINE_STARTDATE,7,TIMESTAMP_NTZ,,,,YES,,
PUBLIC,SERVICELINES,SERVICELINE_ENDDATE,8,TIMESTAMP_NTZ,,,,YES,,
PUBLIC,SERVICELINE_ADDRESSES,INSTANCE_NAME,1,TEXT,16777216,,,YES,,
PUBLIC,SERVICELINE_ADDRESSES,ACCOUNT_ID,2,NUMBER,,38,0,YES,,
PUBLIC,SERVICELINE_ADDRESSES,ACCOUNT_NUMBER,3,NUMBER,,38,0,YES,,
PUBLIC,SERVICELINE_ADDRESSES,SERVICE_MODEL,4,TEXT,16777216,,,YES,,
PUBLIC,SERVICELINE_ADDRESSES,SERVICELINE_NUMBER,5,TEXT,16777216,,,YES,,
PUBLIC,SERVICELINE_ADDRESSES,SERVICELINE_ADDRESS1,6,TEXT,16777216,,,YES,,
PUBLIC,SERVICELINE_ADDRESSES,SERVICELINE_ADDRESS2,7,TEXT,16777216,,,YES,,
PUBLIC,SERVICELINE_ADDRESSES,SERVICELINE_ADDRESS3,8,TEXT,16777216,,,YES,,
PUBLIC,SERVICELINE_ADDRESSES,SERVICELINE_ADDRESS_CITY,9,TEXT,16777216,,,YES,,
PUBLIC,SERVICELINE_ADDRESSES,SERVICELINE_ADDRESS_STATE,10,TEXT,16777216,,,YES,,
PUBLIC,SERVICELINE_ADDRESSES,SERVICELINE_ADDRESS_ZIPCODE,11,NUMBER,,38,0,YES,,
PUBLIC,SERVICELINE_ADDRESSES,SERVICELINE_ADDRESS_ZIPCODE4,12,NUMBER,,38,0,YES,,
PUBLIC,SERVICELINE_ADDRESSES,SERVICELINE_ADDRESS_VERIFIED,13,BOOLEAN,,,,YES,,
PUBLIC,SERVICELINE_ADDRESSES,MAPPING_ADDRESS_ID,14,TEXT,16777216,,,YES,,
PUBLIC,SERVICELINE_ADDRESSES,SERVICELINE_LATITUDE,15,NUMBER,,38,14,YES,,
PUBLIC,SERVICELINE_ADDRESSES,SERVICELINE_LONGITUDE,16,NUMBER,,38,9,YES,,
PUBLIC,SERVICELINE_ADDRESSES,MAPPING_REF_AREA1,17,TEXT,16777216,,,YES,,
PUBLIC,SERVICELINE_ADDRESSES,SERVICELINE_MAPPING_AREA_VERIFIED,18,BOOLEAN,,,,YES,,
PUBLIC,SERVICELINE_ADDRESSES,MAPPING_AREA_ID,19,TEXT,16777216,,,YES,,
PUBLIC,SERVICELINE_ADDRESSES,MAPPING_NOTE,20,TEXT,16777216,,,YES,,
PUBLIC,SERVICELINE_ADDRESSES,CSI_GEOCODE,21,TEXT,16777216,,,YES,,
PUBLIC,SERVICELINE_ADDRESSES,CENSUS_TRACT_FIPS,22,NUMBER,,38,0,YES,,
PUBLIC,SERVICELINE_ADDRESSES,MAPPING_CONFIGURED_ATTRIBUTES,23,TEXT,16777216,,,YES,,
PUBLIC,SERVICELINE_DEVICES,INSTANCE_NAME,1,TEXT,16777216,,,YES,,
PUBLIC,SERVICELINE_DEVICES,ACCOUNT_ID,2,NUMBER,,38,0,YES,,
PUBLIC,SERVICELINE_DEVICES,ACCOUNT_NUMBER,3,NUMBER,,38,0,YES,,
PUBLIC,SERVICELINE_DEVICES,SERVICE_MODEL,4,TEXT,16777216,,,YES,,
PUBLIC,SERVICELINE_DEVICES,SERVICELINE_NUMBER,5,TEXT,16777216,,,YES,,
PUBLIC,SERVICELINE_DEVICES,SERIALIZED_ITEM_ID,6,NUMBER,,38,0,YES,,
PUBLIC,SERVICELINE_DEVICES,INVENTORY_STATUS,7,TEXT,16777216,,,YES,,
PUBLIC,SERVICELINE_DEVICES,LOCATION_NAME,8,TEXT,16777216,,,YES,,
PUBLIC,SERVICELINE_DEVICES,ITEM,9,TEXT,16777216,,,YES,,
PUBLIC,SERVICELINE_DEVICES,ITEM_DESCRIPTION,10,TEXT,16777216,,,YES,,
PUBLIC,SERVICELINE_DEVICES,START_DATETIME,11,TIMESTAMP_NTZ,,,,YES,,
PUBLIC,SERVICELINE_DEVICES,END_DATETIME,12,TIMESTAMP_NTZ,,,,YES,,
PUBLIC,SERVICELINE_DEVICES,SERVICE_DEVICE_NUMS,13,TEXT,16777216,,,YES,,
PUBLIC,SERVICELINE_FEATURES,INSTANCE_NAME,1,TEXT,16777216,,,YES,,
PUBLIC,SERVICELINE_FEATURES,ACCOUNT_ID,2,NUMBER,,38,0,YES,,
PUBLIC,SERVICELINE_FEATURES,ACCOUNT_NUMBER,3,NUMBER,,38,0,YES,,
PUBLIC,SERVICELINE_FEATURES,SERVICE_MODEL,4,TEXT,16777216,,,YES,,
PUBLIC,SERVICELINE_FEATURES,SERVICELINE_NUMBER,5,TEXT,16777216,,,YES,,
PUBLIC,SERVICELINE_FEATURES,PLAN,6,TEXT,16777216,,,YES,,
PUBLIC,SERVICELINE_FEATURES,FEATURE,7,TEXT,16777216,,,YES,,
PUBLIC,SERVICELINE_FEATURES,START_DATETIME,8,TIMESTAMP_NTZ,,,,YES,,
PUBLIC,SERVICELINE_FEATURES,END_DATETIME,9,TIMESTAMP_NTZ,,,,YES,,
PUBLIC,SERVICELINE_FEATURES,QTY,10,NUMBER,,38,0,YES,,
PUBLIC,SERVICELINE_FEATURES,FEATURE_PRICE,11,NUMBER,,38,4,YES,,
PUBLIC,SERVICEORDERS,INSTANCE_NAME,1,TEXT,16777216,,,YES,,
PUBLIC,SERVICEORDERS,ACCOUNT_ID,2,NUMBER,,38,0,YES,,
PUBLIC,SERVICEORDERS,ACCOUNT_NUMBER,3,NUMBER,,38,0,YES,,
PUBLIC,SERVICEORDERS,SERVICE_MODEL,4,TEXT,16777216,,,YES,,
PUBLIC,SERVICEORDERS,SERVICELINE_NUMBER,5,TEXT,16777216,,,YES,,
PUBLIC,SERVICEORDERS,ORDER_ID,6,NUMBER,,38,0,YES,,
PUBLIC,SERVICEORDERS,SERVICEORDER_ID,7,NUMBER,,38,0,YES,,
PUBLIC,SERVICEORDERS,SERVICEORDER_TYPE,8,TEXT,16777216,,,YES,,
PUBLIC,SERVICEORDERS,SOURCE,9,TEXT,16777216,,,YES,,
PUBLIC,SERVICEORDERS,ORDER_LOCATION,10,TEXT,16777216,,,YES,,
PUBLIC,SERVICEORDERS,SALES_AGENT,11,TEXT,16777216,,,YES,,
PUBLIC,SERVICEORDERS,CREATED_DATETIME,12,TIMESTAMP_NTZ,,,,YES,,
PUBLIC,SERVICEORDERS,MODIFIED_DATETIME,13,TIMESTAMP_NTZ,,,,YES,,
PUBLIC,SERVICEORDERS,CREATED_BY,14,TEXT,16777216,,,YES,,
PUBLIC,SERVICEORDERS,MODIFIED_BY,15,TEXT,16777216,,,YES,,
PUBLIC,SERVICEORDERS,STATUS,16,TEXT,16777216,,,YES,,
PUBLIC,SERVICEORDERS,APPLY_ON,17,TEXT,16777216,,,YES,,
PUBLIC,SERVICEORDERS,APPLY_DATE,18,DATE,,,,YES,,
PUBLIC,SERVICEORDERS,TARGET_DATETIME,19,DATE,,,,YES,,
PUBLIC,SERVICEORDERS,CREATED_SERVICELINE_ID,20,NUMBER,,38,1,YES,,
PUBLIC,SERVICEORDER_ADDRESSES,INSTANCE_NAME,1,TEXT,16777216,,,YES,,
PUBLIC,SERVICEORDER_ADDRESSES,ACCOUNT_ID,2,NUMBER,,38,0,YES,,
PUBLIC,SERVICEORDER_ADDRESSES,ACCOUNT_NUMBER,3,NUMBER,,38,0,YES,,
PUBLIC,SERVICEORDER_ADDRESSES,SERVICE_MODEL,4,TEXT,16777216,,,YES,,
PUBLIC,SERVICEORDER_ADDRESSES,SERVICELINE_NUMBER,5,TEXT,16777216,,,YES,,
PUBLIC,SERVICEORDER_ADDRESSES,ORDER_ID,6,NUMBER,,38,0,YES,,
PUBLIC,SERVICEORDER_ADDRESSES,SERVICEORDER_ID,7,NUMBER,,38,0,YES,,
PUBLIC,SERVICEORDER_ADDRESSES,SERVICEORDER_ADDRESS1,8,TEXT,16777216,,,YES,,
PUBLIC,SERVICEORDER_ADDRESSES,SERVICEORDER_ADDRESS2,9,TEXT,16777216,,,YES,,
PUBLIC,SERVICEORDER_ADDRESSES,SERVICEORDER_ADDRESS3,10,TEXT,16777216,,,YES,,
PUBLIC,SERVICEORDER_ADDRESSES,SERVICEORDER_ADDRESS_CITY,11,TEXT,16777216,,,YES,,
PUBLIC,SERVICEORDER_ADDRESSES,SERVICEORDER_ADDRESS_STATE,12,TEXT,16777216,,,YES,,
PUBLIC,SERVICEORDER_ADDRESSES,SERVICEORDER_ADDRESS_ZIPCODE,13,NUMBER,,38,0,YES,,
PUBLIC,SERVICEORDER_ADDRESSES,SERVICEORDER_ADDRESS_VERIFIED,14,BOOLEAN,,,,YES,,
PUBLIC,SERVICEORDER_ADDRESSES,MAPPING_ADDRESS_ID,15,TEXT,16777216,,,YES,,
PUBLIC,SERVICEORDER_ADDRESSES,SERVICEORDER_LATITUDE,16,NUMBER,,38,14,YES,,
PUBLIC,SERVICEORDER_ADDRESSES,SERVICEORDER_LONGITUDE,17,NUMBER,,38,14,YES,,
PUBLIC,SERVICEORDER_ADDRESSES,MAPPING_REF_AREA1,18,TEXT,16777216,,,YES,,
PUBLIC,SERVICEORDER_ADDRESSES,MAPPING_AREA_VERIFIED,19,BOOLEAN,,,,YES,,
PUBLIC,SERVICEORDER_ADDRESSES,MAPPING_AREA_ID,20,TEXT,16777216,,,YES,,
PUBLIC,SERVICEORDER_ADDRESSES,MAPPING_NOTE,21,TEXT,16777216,,,YES,,
PUBLIC,SERVICEORDER_ADDRESSES,MAPPING_CONFIGURED_ATTRIBUTES,22,TEXT,16777216,,,YES,,
PUBLIC,SERVICEORDER_FEATURES,INSTANCE_NAME,1,TEXT,16777216,,,YES,,
PUBLIC,SERVICEORDER_FEATURES,ACCOUNT_ID,2,NUMBER,,38,0,YES,,
PUBLIC,SERVICEORDER_FEATURES,ACCOUNT_NUMBER,3,NUMBER,,38,0,YES,,
PUBLIC,SERVICEORDER_FEATURES,SERVICE_MODEL,4,TEXT,16777216,,,YES,,
PUBLIC,SERVICEORDER_FEATURES,SERVICELINE_NUMBER,5,TEXT,16777216,,,YES,,
PUBLIC,SERVICEORDER_FEATURES,ORDER_ID,6,NUMBER,,38,0,YES,,
PUBLIC,SERVICEORDER_FEATURES,SERVICEORDER_ID,7,NUMBER,,38,0,YES,,
PUBLIC,SERVICEORDER_FEATURES,FEATURE,8,TEXT,16777216,,,YES,,
PUBLIC,SERVICEORDER_FEATURES,ACTION,9,TEXT,16777216,,,YES,,
PUBLIC,SERVICEORDER_NOTES,INSTANCE_NAME,1,TEXT,16777216,,,YES,,
PUBLIC,SERVICEORDER_NOTES,ACCOUNT_ID,2,NUMBER,,38,0,YES,,
PUBLIC,SERVICEORDER_NOTES,ACCOUNT_NUMBER,3,NUMBER,,38,0,YES,,
PUBLIC,SERVICEORDER_NOTES,SERVICE_MODEL,4,TEXT,16777216,,,YES,,
PUBLIC,SERVICEORDER_NOTES,SERVICELINE_NUMBER,5,TEXT,16777216,,,YES,,
PUBLIC,SERVICEORDER_NOTES,ORDER_ID,6,NUMBER,,38,0,YES,,
PUBLIC,SERVICEORDER_NOTES,SERVICEORDER_ID,7,NUMBER,,38,0,YES,,
PUBLIC,SERVICEORDER_NOTES,NOTE_CREATED_DATETIME,8,TIMESTAMP_NTZ,,,,YES,,
PUBLIC,SERVICEORDER_NOTES,NOTE_CREATED_BY,9,TEXT,16777216,,,YES,,
PUBLIC,SERVICEORDER_NOTES,NOTE,10,TEXT,16777216,,,YES,,
PUBLIC,SERVICEORDER_TASKS,INSTANCE_NAME,1,TEXT,16777216,,,YES,,
PUBLIC,SERVICEORDER_TASKS,ACCOUNT_ID,2,NUMBER,,38,0,YES,,
PUBLIC,SERVICEORDER_TASKS,ACCOUNT_NUMBER,3,NUMBER,,38,0,YES,,
PUBLIC,SERVICEORDER_TASKS,SERVICEMODEL,4,TEXT,16777216,,,YES,,
PUBLIC,SERVICEORDER_TASKS,SERVICELINE_NUMBER,5,TEXT,16777216,,,YES,,
PUBLIC,SERVICEORDER_TASKS,SERVICEORDER_ID,6,NUMBER,,38,0,YES,,
PUBLIC,SERVICEORDER_TASKS,TASK_ID,7,NUMBER,,38,0,YES,,
PUBLIC,SERVICEORDER_TASKS,TASK_NAME,8,TEXT,16777216,,,YES,,
PUBLIC,SERVICEORDER_TASKS,ASSIGNEE,9,TEXT,16777216,,,YES,,
PUBLIC,SERVICEORDER_TASKS,TASK_STARTED,10,TIMESTAMP_NTZ,,,,YES,,
PUBLIC,SERVICEORDER_TASKS,TASK_ENDED,11,TIMESTAMP_NTZ,,,,YES,,
PUBLIC,SERVICEORDER_TASKS,DURATION_UNTIL_ENDED_SEC,12,NUMBER,,38,1,YES,,
PUBLIC,SERVICEORDER_TASKS,LAST_UPDATE_TIME,13,TIMESTAMP_NTZ,,,,YES,,
PUBLIC,TROUBLE_TICKETS,INSTANCE_NAME,1,TEXT,16777216,,,YES,,
PUBLIC,TROUBLE_TICKETS,ACCOUNT_ID,2,NUMBER,,38,0,YES,,
PUBLIC,TROUBLE_TICKETS,ACCOUNT_NUMBER,3,NUMBER,,38,0,YES,,
PUBLIC,TROUBLE_TICKETS,SERVICE_MODEL,4,TEXT,16777216,,,YES,,
PUBLIC,TROUBLE_TICKETS,SERVICELINE_NUMBER,5,TEXT,16777216,,,YES,,
PUBLIC,TROUBLE_TICKETS,TROUBLE_TICKET_ID,6,NUMBER,,38,0,YES,,
PUBLIC,TROUBLE_TICKETS,STATUS,7,TEXT,16777216,,,YES,,
PUBLIC,TROUBLE_TICKETS,REPORTED_NAME,8,TEXT,16777216,,,YES,,
PUBLIC,TROUBLE_TICKETS,RESOLUTION_NAME,9,TEXT,16777216,,,YES,,
PUBLIC,TROUBLE_TICKETS,CREATED_DATETIME,10,TIMESTAMP_NTZ,,,,YES,,
PUBLIC,TROUBLE_TICKETS,CREATED_BY,11,TEXT,16777216,,,YES,,
PUBLIC,TROUBLE_TICKETS,TROUBLE_DUE_DATE,12,DATE,,,,YES,,
PUBLIC,TROUBLE_TICKETS,CONTACT_PHONE_NUMBER,13,TEXT,16777216,,,YES,,
PUBLIC,TROUBLE_TICKETS,MODIFIED_BY,14,TEXT,16777216,,,YES,,
PUBLIC,TROUBLE_TICKETS,MODIFIED_DATETIME,15,TIMESTAMP_NTZ,,,,YES,,
PUBLIC,TROUBLE_TICKET_NOTES,INSTANCE_NAME,1,TEXT,16777216,,,YES,,
PUBLIC,TROUBLE_TICKET_NOTES,ACCOUNT_ID,2,NUMBER,,38,0,YES,,
PUBLIC,TROUBLE_TICKET_NOTES,ACCOUNT_NUMBER,3,NUMBER,,38,0,YES,,
PUBLIC,TROUBLE_TICKET_NOTES,SERVICE_MODEL,4,TEXT,16777216,,,YES,,
PUBLIC,TROUBLE_TICKET_NOTES,SERVICELINE_NUMBER,5,TEXT,16777216,,,YES,,
PUBLIC,TROUBLE_TICKET_NOTES,TROUBLE_TICKET_ID,6,NUMBER,,38,0,YES,,
PUBLIC,TROUBLE_TICKET_NOTES,CREATED_DATETIME,7,TIMESTAMP_NTZ,,,,YES,,
PUBLIC,TROUBLE_TICKET_NOTES,CREATED_BY,8,TEXT,16777216,,,YES,,
PUBLIC,TROUBLE_TICKET_NOTES,NOTE,9,TEXT,16777216,,,YES,,
PUBLIC,TROUBLE_TICKET_TASKS,INSTANCE_NAME,1,TEXT,16777216,,,YES,,
PUBLIC,TROUBLE_TICKET_TASKS,ACCOUNT_ID,2,NUMBER,,38,0,YES,,
PUBLIC,TROUBLE_TICKET_TASKS,ACCOUNT_NUMBER,3,NUMBER,,38,0,YES,,
PUBLIC,TROUBLE_TICKET_TASKS,SERVICE_MODEL,4,TEXT,16777216,,,YES,,
PUBLIC,TROUBLE_TICKET_TASKS,SERVICELINE_NUMBER,5,TEXT,16777216,,,YES,,
PUBLIC,TROUBLE_TICKET_TASKS,TROUBLE_TICKET_ID,6,NUMBER,,38,0,YES,,
PUBLIC,TROUBLE_TICKET_TASKS,TASK_ID,7,NUMBER,,38,0,YES,,
PUBLIC,TROUBLE_TICKET_TASKS,TASK_NAME,8,TEXT,16777216,,,YES,,
PUBLIC,TROUBLE_TICKET_TASKS,ASSIGNEE,9,TEXT,16777216,,,YES,,
PUBLIC,TROUBLE_TICKET_TASKS,TASK_STARTED,10,TIMESTAMP_NTZ,,,,YES,,
PUBLIC,TROUBLE_TICKET_TASKS,TASK_ENDED,11,TIMESTAMP_NTZ,,,,YES,,
PUBLIC,TROUBLE_TICKET_TASKS,DURATION_UNTIL_ENDED_SEC,12,NUMBER,,38,1,YES,,
PUBLIC,TROUBLE_TICKET_TASKS,LAST_UPDATE_TIME,13,TIMESTAMP_NTZ,,,,YES,,
